insert into authenticatedUser (id, Name, Contact, Password, Username, Email, isBanned, isAdmin) values (1, 'Fabio', '5339507406', '0154d736895cf67f646145089d19ec0bba387cb1', 'fcheesworth0', 'fchaster0@people.com.cn', true, true);
insert into authenticatedUser (id, Name, Contact, Password, Username, Email, isBanned, isAdmin) values (2, 'Rose', '9549708101', '9bb84dd2f87d4d86fd1db7b399c8d9f57f49876d', 'romand1', 'rcarling1@hugedomains.com', true, false);
insert into authenticatedUser (id, Name, Contact, Password, Username, Email, isBanned, isAdmin) values (3, 'Laurens', '3563230462', '08db544dbaa68283f5808d1c6986b327cbea86b0', 'lnesey2', 'locarran2@sourceforge.net', false, false);
insert into authenticatedUser (id, Name, Contact, Password, Username, Email, isBanned, isAdmin) values (4, 'Hiram', '2574976877', 'b1a150367277841451f60490856fcd0cbb13aa9c', 'hdedenham3', 'hrosendall3@rediff.com', true, true);
insert into authenticatedUser (id, Name, Contact, Password, Username, Email, isBanned, isAdmin) values (5, 'Coretta', '8232156699', '46b714bb6641ba475e5c28ae0cc2273bc2c1a745', 'cbever4', 'crugg4@usatoday.com', true, false);
insert into authenticatedUser (id, Name, Contact, Password, Username, Email, isBanned, isAdmin) values (6, 'Mira', '8771615743', 'cb62bccf544f94ce85c52e3b00b892cbebf89401', 'msummerly5', 'mnorwell5@sciencedaily.com', false, true);
insert into authenticatedUser (id, Name, Contact, Password, Username, Email, isBanned, isAdmin) values (7, 'Justus', '1178391787', '842719f7d47fe425f301ecf2c660f6962af2e53c', 'jbunning6', 'jtirrey6@istockphoto.com', true, true);
insert into authenticatedUser (id, Name, Contact, Password, Username, Email, isBanned, isAdmin) values (8, 'Ladonna', '2755474348', '04fd89f38ee38bfc7491766aba8ae5ffd4fd32ac', 'lwaistall7', 'lbremen7@baidu.com', false, false);
insert into authenticatedUser (id, Name, Contact, Password, Username, Email, isBanned, isAdmin) values (9, 'Georgiana', '7833384994', '7171f5b3d95ef6d65d1ccb278aaedd9b3e22bae0', 'gitscowics8', 'grobjant8@weebly.com', true, true);
insert into authenticatedUser (id, Name, Contact, Password, Username, Email, isBanned, isAdmin) values (10, 'Anthea', '5247202365', 'bc98fa8b076f8aa78c97e103d295d79c32b5e922', 'aschubert9', 'aphillcock9@joomla.org', true, true);
insert into authenticatedUser (id, Name, Contact, Password, Username, Email, isBanned, isAdmin) values (11, 'Corby', '1736304211', 'd3e786744267c919e20e26a06a9a7ce6f5b6f668', 'cgoodbara', 'clovicka@ox.ac.uk', true, true);
insert into authenticatedUser (id, Name, Contact, Password, Username, Email, isBanned, isAdmin) values (12, 'Crysta', '1988580668', '58a44a1ada830bc8aa2be9d8489569614de68759', 'cmacnucatorb', 'cphillipb@wunderground.com', false, false);
insert into authenticatedUser (id, Name, Contact, Password, Username, Email, isBanned, isAdmin) values (13, 'Fitzgerald', '9484329910', '05beff3a4aaa068bb0b49f0a39fc3e0017974af1', 'fkingsmillc', 'fhammersleyc@dyndns.org', true, true);
insert into authenticatedUser (id, Name, Contact, Password, Username, Email, isBanned, isAdmin) values (14, 'Letitia', '8578964402', 'b8d27f5d04e1819776c41dd5cdd8f0c55219ac33', 'lwrayd', 'lzanussiid@bbb.org', true, false);
insert into authenticatedUser (id, Name, Contact, Password, Username, Email, isBanned, isAdmin) values (15, 'Garry', '3332380495', '256a08b5b06390b972ae29041da835381a2e3606', 'gbradberrye', 'gmcfatere@addthis.com', true, false);
insert into authenticatedUser (id, Name, Contact, Password, Username, Email, isBanned, isAdmin) values (16, 'Leupold', '6318721917', '6b9052a3975b03bfd6f4cc70c4fa157540890e6c', 'lcorryerf', 'ldutchburnf@yandex.ru', false, true);
insert into authenticatedUser (id, Name, Contact, Password, Username, Email, isBanned, isAdmin) values (17, 'Edgardo', '8975664973', '22ace65801885bea05e3a0649b8691e411108c23', 'efossettg', 'ecambling@wikimedia.org', false, true);
insert into authenticatedUser (id, Name, Contact, Password, Username, Email, isBanned, isAdmin) values (18, 'Dasi', '3499623323', '9e88bee135a65fc89aa549cabb004ef2e9104fea', 'dselwayh', 'dfavellh@wikia.com', false, false);
insert into authenticatedUser (id, Name, Contact, Password, Username, Email, isBanned, isAdmin) values (19, 'Pearle', '4489865300', '12e4336c2761c6dbc5f6a2c940415e8df6275341', 'pbadhami', 'pwymeri@canalblog.com', true, true);
insert into authenticatedUser (id, Name, Contact, Password, Username, Email, isBanned, isAdmin) values (20, 'Sergei', '2158682484', '9f8cedb25ec15d0ef96908b8481dd61a6d87c61f', 'sardyj', 'sscotsbrookj@blogs.com', false, false);

INSERT INTO authenticatedUser_follow (id_followed, id_follower) VALUES (1,6);
INSERT INTO authenticatedUser_follow (id_followed, id_follower) VALUES (1,10);
INSERT INTO authenticatedUser_follow (id_followed, id_follower) VALUES (1,11);
INSERT INTO authenticatedUser_follow (id_followed, id_follower) VALUES (1,19);
INSERT INTO authenticatedUser_follow (id_followed, id_follower) VALUES (2,8);
INSERT INTO authenticatedUser_follow (id_followed, id_follower) VALUES (3,9);
INSERT INTO authenticatedUser_follow (id_followed, id_follower) VALUES (3,15);
INSERT INTO authenticatedUser_follow (id_followed, id_follower) VALUES (4,1);
INSERT INTO authenticatedUser_follow (id_followed, id_follower) VALUES (4,2);
INSERT INTO authenticatedUser_follow (id_followed, id_follower) VALUES (5,7);
INSERT INTO authenticatedUser_follow (id_followed, id_follower) VALUES (5,14);
INSERT INTO authenticatedUser_follow (id_followed, id_follower) VALUES (5,18);
INSERT INTO authenticatedUser_follow (id_followed, id_follower) VALUES (5,20);
INSERT INTO authenticatedUser_follow (id_followed, id_follower) VALUES (6,3);
INSERT INTO authenticatedUser_follow (id_followed, id_follower) VALUES (7,2);
INSERT INTO authenticatedUser_follow (id_followed, id_follower) VALUES (7,8);
INSERT INTO authenticatedUser_follow (id_followed, id_follower) VALUES (8,4);
INSERT INTO authenticatedUser_follow (id_followed, id_follower) VALUES (9,11);
INSERT INTO authenticatedUser_follow (id_followed, id_follower) VALUES (10,6);
INSERT INTO authenticatedUser_follow (id_followed, id_follower) VALUES (10,17);
INSERT INTO authenticatedUser_follow (id_followed, id_follower) VALUES (10,19);
INSERT INTO authenticatedUser_follow (id_followed, id_follower) VALUES (11,20);
INSERT INTO authenticatedUser_follow (id_followed, id_follower) VALUES (12,16);

insert into administrator (id) values (1);
insert into administrator (id) values (3);
insert into administrator (id) values (7);
insert into administrator (id) values (13);
insert into administrator (id) values (17);

insert into news (id, title, body, date_time, id_owner) values (1, 'New Ferrari', 'Maecenas tristique, est et tempus semper, est quam pharetra magna, ac consequat metus sapien ut nunc. Vestibulum ante ipsum primis in faucibus orci luctus et ultrices posuere cubilia Curae; Mauris viverra diam vitae quam. Suspendisse potenti. Nullam porttitor lacus at turpis.', '6/12/2022', 10);
insert into news (id, title, body, date_time, id_owner) values (2, 'Fourth World War comming', 'Duis at velit eu est congue elementum. In hac habitasse platea dictumst. Morbi vestibulum, velit id pretium iaculis, diam erat fermentum justo, nec condimentum neque sapien placerat ante. Nulla justo. Aliquam quis turpis eget elit sodales scelerisque. Mauris sit amet eros. Suspendisse accumsan tortor quis turpis. Sed ante. Vivamus tortor.', '3/28/2022', 20);
insert into news (id, title, body, date_time, id_owner) values (3, 'Saramago earn a Nobel', 'Nullam molestie nibh in lectus. Pellentesque at nulla. Suspendisse potenti. Cras in purus eu magna vulputate luctus. Cum sociis natoque penatibus et magnis dis parturient montes, nascetur ridiculus mus. Vivamus vestibulum sagittis sapien. Cum sociis natoque penatibus et magnis dis parturient montes, nascetur ridiculus mus.', '1/18/2022', 3);
insert into news (id, title, body, date_time, id_owner) values (4, 'Ronaldo retired', 'Etiam pretium iaculis justo. In hac habitasse platea dictumst. Etiam faucibus cursus urna. Ut tellus.', '3/23/2022', 4);
insert into news (id, title, body, date_time, id_owner) values (5, 'New movie: Joker 2', 'In tempor, turpis nec euismod scelerisque, quam turpis adipiscing lorem, vitae mattis nibh ligula nec sem. Duis aliquam convallis nunc. Proin at turpis a pede posuere nonummy. Integer non velit.', '6/28/2022', 5);
insert into news (id, title, body, date_time, id_owner) values (6, 'Beyoncé releases new album', 'Quisque erat eros, viverra eget, congue eget, semper rutrum, nulla. Nunc purus. Phasellus in felis. Donec semper sapien a libero. Nam dui. Proin leo odio, porttitor id, consequat in, consequat ut, nulla. Sed accumsan felis. Ut at dolor quis odio consequat varius. Integer ac leo.', '9/9/2022', 8);
insert into news (id, title, body, date_time, id_owner) values (7, 'Children fighting against hungry', 'Nulla suscipit ligula in lacus. Curabitur at ipsum ac tellus semper interdum. Mauris ullamcorper purus sit amet nulla. Quisque arcu libero, rutrum ac, lobortis vel, dapibus at, diam.', '12/15/2021', 7);
insert into news (id, title, body, date_time, id_owner) values (8, 'New discovery: aliens exist', 'Vestibulum quam sapien, varius ut, blandit non, interdum in, ante. Vestibulum ante ipsum primis in faucibus orci luctus et ultrices posuere cubilia Curae; Duis faucibus accumsan odio. Curabitur convallis. Duis consequat dui nec nisi volutpat eleifend.', '11/11/2021', 11);
insert into news (id, title, body, date_time, id_owner) values (9, 'VAT will rise', 'Duis bibendum, felis sed interdum venenatis, turpis enim blandit mi, in porttitor pede justo eu massa. Donec dapibus. Duis at velit eu est congue elementum. In hac habitasse platea dictumst. Morbi vestibulum, velit id pretium iaculis, diam erat fermentum justo, nec condimentum neque sapien placerat ante. Nulla justo. Aliquam quis turpis eget elit sodales scelerisque.', '12/12/2021', 7);
insert into news (id, title, body, date_time, id_owner) values (10, 'Wordpedia: the new online dictionary', 'Nulla nisl. Nunc nisl. Duis bibendum, felis sed interdum venenatis, turpis enim blandit mi, in porttitor pede justo eu massa. Donec dapibus. Duis at velit eu est congue elementum. In hac habitasse platea dictumst. Morbi vestibulum, velit id pretium iaculis, diam erat fermentum justo, nec condimentum neque sapien placerat ante. Nulla justo. Aliquam quis turpis eget elit sodales scelerisque. Mauris sit amet eros.', '10/2/2022', 10);
insert into news (id, title, body, date_time, id_owner) values (11, 'Cavaco opens a restaurant', 'Phasellus in felis. Donec semper sapien a libero. Nam dui. Proin leo odio, porttitor id, consequat in, consequat ut, nulla. Sed accumsan felis. Ut at dolor quis odio consequat varius. Integer ac leo. Pellentesque ultrices mattis odio.', '4/11/2022', 13);
insert into news (id, title, body, date_time, id_owner) values (12, 'Cybersecurity: Microsoft got hacked', 'In hac habitasse platea dictumst. Morbi vestibulum, velit id pretium iaculis, diam erat fermentum justo, nec condimentum neque sapien placerat ante.', '9/26/2022', 12);
insert into news (id, title, body, date_time, id_owner) values (13, 'Mr. Bean died', 'Cras in purus eu magna vulputate luctus. Cum sociis natoque penatibus et magnis dis parturient montes, nascetur ridiculus mus. Vivamus vestibulum sagittis sapien. Cum sociis natoque penatibus et magnis dis parturient montes, nascetur ridiculus mus. Etiam vel augue. Vestibulum rutrum rutrum neque. Aenean auctor gravida sem.', '8/9/2022', 13);
insert into news (id, title, body, date_time, id_owner) values (14, 'Mutation of sheeps is here', 'In quis justo. Maecenas rhoncus aliquam lacus.', '2/13/2022', 14);
insert into news (id, title, body, date_time, id_owner) values (15, 'London has a new king', 'Duis ac nibh. Fusce lacus purus, aliquet at, feugiat non, pretium quis, lectus.', '6/25/2022', 2);
insert into news (id, title, body, date_time, id_owner) values (16, 'Forest fire kills 2 people', 'Suspendisse potenti. Cras in purus eu magna vulputate luctus. Cum sociis natoque penatibus et magnis dis parturient montes, nascetur ridiculus mus. Vivamus vestibulum sagittis sapien. Cum sociis natoque penatibus et magnis dis parturient montes, nascetur ridiculus mus. Etiam vel augue. Vestibulum rutrum rutrum neque. Aenean auctor gravida sem. Praesent id massa id nisl venenatis lacinia.', '7/31/2022', 16);
insert into news (id, title, body, date_time, id_owner) values (17, 'Tony Carreira composes a new song', 'In sagittis dui vel nisl. Duis ac nibh. Fusce lacus purus, aliquet at, feugiat non, pretium quis, lectus. Suspendisse potenti. In eleifend quam a odio.', '11/7/2021', 17);
insert into news (id, title, body, date_time, id_owner) values (18, 'Ridiculousness episodes ends', 'Nam ultrices, libero non mattis pulvinar, nulla pede ullamcorper augue, a suscipit nulla elit ac nulla. Sed vel enim sit amet nunc viverra dapibus. Nulla suscipit ligula in lacus. Curabitur at ipsum ac tellus semper interdum.', '12/6/2021', 18);
insert into news (id, title, body, date_time, id_owner) values (19, 'Bad weather destroys city', 'Proin leo odio, porttitor id, consequat in, consequat ut, nulla. Sed accumsan felis. Ut at dolor quis odio consequat varius. Integer ac leo. Pellentesque ultrices mattis odio. Donec vitae nisi. Nam ultrices, libero non mattis pulvinar, nulla pede ullamcorper augue, a suscipit nulla elit ac nulla. Sed vel enim sit amet nunc viverra dapibus. Nulla suscipit ligula in lacus. Curabitur at ipsum ac tellus semper interdum.', '8/4/2022', 19);
insert into news (id, title, body, date_time, id_owner) values (20, 'Apple creates new mobile phone', 'Maecenas ut massa quis augue luctus tincidunt. Nulla mollis molestie lorem. Quisque ut erat. Curabitur gravida nisi at nibh. In hac habitasse platea dictumst. Aliquam augue quam, sollicitudin vitae, consectetuer eget, rutrum at, lorem. Integer tincidunt ante vel ipsum. Praesent blandit lacinia erat. Vestibulum sed magna at nunc commodo placerat.', '5/1/2022', 15);
insert into news (id, title, body, date_time, id_owner) values (21, 'Clothy: the new fashion shop is open', 'Duis at velit eu est congue elementum. In hac habitasse platea dictumst. Morbi vestibulum, velit id pretium iaculis, diam erat fermentum justo, nec condimentum neque sapien placerat ante. Nulla justo. Aliquam quis turpis eget elit sodales scelerisque. Mauris sit amet eros. Suspendisse accumsan tortor quis turpis. Sed ante. Vivamus tortor. Duis mattis egestas metus.', '10/2/2022', 19);
insert into news (id, title, body, date_time, id_owner) values (22, 'Lack of doctors in Hospital São João', 'Nam congue, risus semper porta volutpat, quam pede lobortis ligula, sit amet eleifend pede libero quis orci. Nullam molestie nibh in lectus. Pellentesque at nulla. Suspendisse potenti. Cras in purus eu magna vulputate luctus.', '11/10/2021', 6);
insert into news (id, title, body, date_time, id_owner) values (23, 'Russia declares war against Ucraine', 'Duis bibendum. Morbi non quam nec dui luctus rutrum. Nulla tellus. In sagittis dui vel nisl.', '1/25/2022', 5);
insert into news (id, title, body, date_time, id_owner) values (24, 'Unilabs created Covid-19 cure ', 'In hac habitasse platea dictumst. Aliquam augue quam, sollicitudin vitae, consectetuer eget, rutrum at, lorem.', '12/6/2021', 4);
insert into news (id, title, body, date_time, id_owner) values (25, 'Average for college entrance lower', 'Nullam porttitor lacus at turpis. Donec posuere metus vitae ipsum. Aliquam non mauris. Morbi non lectus.', '10/5/2022', 20);


insert into tag (id, name) values (1, 'Technology');
insert into tag (id, name) values (2, 'Beats');
insert into tag (id, name) values (3, 'Sciences');
insert into tag (id, name) values (4, 'Education');
insert into tag (id, name) values (5, 'Pop');
insert into tag (id, name) values (6, 'Records');
insert into tag (id, name) values (7, 'Movies');
insert into tag (id, name) values (8, 'Curiosities');
insert into tag (id, name) values (9, 'Music');
insert into tag (id, name) values (10, 'World');
insert into tag (id, name) values (11, 'Funny');

insert into tag_news (id_tag, id_news) values (1,1);
insert into tag_news (id_tag, id_news) values (1,2);
insert into tag_news (id_tag, id_news) values (1,3);
insert into tag_news (id_tag, id_news) values (1,4);
insert into tag_news (id_tag, id_news) values (1,5);
insert into tag_news (id_tag, id_news) values (1,6);
insert into tag_news (id_tag, id_news) values (1,7);
insert into tag_news (id_tag, id_news) values (1,8);
insert into tag_news (id_tag, id_news) values (1,9);
insert into tag_news (id_tag, id_news) values (1,10);
insert into tag_news (id_tag, id_news) values (1,11);
insert into tag_news (id_tag, id_news) values (1,12);
insert into tag_news (id_tag, id_news) values (1,13);
insert into tag_news (id_tag, id_news) values (1,14);
insert into tag_news (id_tag, id_news) values (1,15);
insert into tag_news (id_tag, id_news) values (2,16);
insert into tag_news (id_tag, id_news) values (2,17);
insert into tag_news (id_tag, id_news) values (2,18);
insert into tag_news (id_tag, id_news) values (2,19);
insert into tag_news (id_tag, id_news) values (2,20);
insert into tag_news (id_tag, id_news) values (2,21);
insert into tag_news (id_tag, id_news) values (2,22);
insert into tag_news (id_tag, id_news) values (2,23);
insert into tag_news (id_tag, id_news) values (2,24);
insert into tag_news (id_tag, id_news) values (2,25);
insert into tag_news (id_tag, id_news) values (3,1);
insert into tag_news (id_tag, id_news) values (3,2);
insert into tag_news (id_tag, id_news) values (3,3);
insert into tag_news (id_tag, id_news) values (4,4);
insert into tag_news (id_tag, id_news) values (4,5);
insert into tag_news (id_tag, id_news) values (4,6);
insert into tag_news (id_tag, id_news) values (4,7);
insert into tag_news (id_tag, id_news) values (4,8);
insert into tag_news (id_tag, id_news) values (4,9);
insert into tag_news (id_tag, id_news) values (4,10);
insert into tag_news (id_tag, id_news) values (4,11);
insert into tag_news (id_tag, id_news) values (5,12);
insert into tag_news (id_tag, id_news) values (5,13);
insert into tag_news (id_tag, id_news) values (5,14);
insert into tag_news (id_tag, id_news) values (5,15);
insert into tag_news (id_tag, id_news) values (5,16);
insert into tag_news (id_tag, id_news) values (5,17);
insert into tag_news (id_tag, id_news) values (6,18);
insert into tag_news (id_tag, id_news) values (6,19);
insert into tag_news (id_tag, id_news) values (6,20);
insert into tag_news (id_tag, id_news) values (6,21);
insert into tag_news (id_tag, id_news) values (6,22);
insert into tag_news (id_tag, id_news) values (6,23);
insert into tag_news (id_tag, id_news) values (6,24);
insert into tag_news (id_tag, id_news) values (6,25);
insert into tag_news (id_tag, id_news) values (10,1);
insert into tag_news (id_tag, id_news) values (10,2);
insert into tag_news (id_tag, id_news) values (10,3);
insert into tag_news (id_tag, id_news) values (7,4);
insert into tag_news (id_tag, id_news) values (7,5);
insert into tag_news (id_tag, id_news) values (7,6);
insert into tag_news (id_tag, id_news) values (7,7);
insert into tag_news (id_tag, id_news) values (7,8);
insert into tag_news (id_tag, id_news) values (8,9);
insert into tag_news (id_tag, id_news) values (8,10);
insert into tag_news (id_tag, id_news) values (8,11);
insert into tag_news (id_tag, id_news) values (8,12);
insert into tag_news (id_tag, id_news) values (8,13);
insert into tag_news (id_tag, id_news) values (8,14);
insert into tag_news (id_tag, id_news) values (9,15);
insert into tag_news (id_tag, id_news) values (9,16);
insert into tag_news (id_tag, id_news) values (9,17);
insert into tag_news (id_tag, id_news) values (9,18);
insert into tag_news (id_tag, id_news) values (9,19);
insert into tag_news (id_tag, id_news) values (9,20);
insert into tag_news (id_tag, id_news) values (9,21);
insert into tag_news (id_tag, id_news) values (9,22);
insert into tag_news (id_tag, id_news) values (9,23);
insert into tag_news (id_tag, id_news) values (10,24);
insert into tag_news (id_tag, id_news) values (10,25);


insert into tag_follow (id_tag, id_authenticatedUser) values (1, 3);
insert into tag_follow (id_tag, id_authenticatedUser) values (1, 6);
insert into tag_follow (id_tag, id_authenticatedUser) values (2, 2);
insert into tag_follow (id_tag, id_authenticatedUser) values (2, 12);
insert into tag_follow (id_tag, id_authenticatedUser) values (2, 1);
insert into tag_follow (id_tag, id_authenticatedUser) values (2, 10);
insert into tag_follow (id_tag, id_authenticatedUser) values (3, 20);
insert into tag_follow (id_tag, id_authenticatedUser) values (4, 17);
insert into tag_follow (id_tag, id_authenticatedUser) values (4, 3);
insert into tag_follow (id_tag, id_authenticatedUser) values (5, 4);
insert into tag_follow (id_tag, id_authenticatedUser) values (5, 1);
insert into tag_follow (id_tag, id_authenticatedUser) values (5, 7);
insert into tag_follow (id_tag, id_authenticatedUser) values (5, 2);
insert into tag_follow (id_tag, id_authenticatedUser) values (6, 8);
insert into tag_follow (id_tag, id_authenticatedUser) values (6, 14);
insert into tag_follow (id_tag, id_authenticatedUser) values (7, 12);
insert into tag_follow (id_tag, id_authenticatedUser) values (7, 9);
insert into tag_follow (id_tag, id_authenticatedUser) values (7, 17);
insert into tag_follow (id_tag, id_authenticatedUser) values (7, 16);
insert into tag_follow (id_tag, id_authenticatedUser) values (7, 13);
insert into tag_follow (id_tag, id_authenticatedUser) values (8, 5);
insert into tag_follow (id_tag, id_authenticatedUser) values (8, 15);
insert into tag_follow (id_tag, id_authenticatedUser) values (8, 19);
insert into tag_follow (id_tag, id_authenticatedUser) values (9, 20);
insert into tag_follow (id_tag, id_authenticatedUser) values (9, 8);
insert into tag_follow (id_tag, id_authenticatedUser) values (9, 10);
insert into tag_follow (id_tag, id_authenticatedUser) values (10, 12);
insert into tag_follow (id_tag, id_authenticatedUser) values (10, 14);
insert into tag_follow (id_tag, id_authenticatedUser) values (10, 1);
insert into tag_follow (id_tag, id_authenticatedUser) values (10, 16);
insert into tag_follow (id_tag, id_authenticatedUser) values (10, 12);
insert into tag_follow (id_tag, id_authenticatedUser) values (11, 9);

insert into comment (id, body, date_time, id_owner, id_news) values(1, 'You are an amazing writer!','6/12/2022', 7, 1); 
insert into comment (id, body, date_time, id_owner, id_news) values(2, 'This is clear, concise, and complete!', '8/5/2022', 4, 2); 
insert into comment (id, body, date_time, id_owner, id_news) values(3, 'Keep up the incredible work!', '10/4/2022', 3, 3);
insert into comment (id, body, date_time, id_owner, id_news) values(4, 'This gets my seal of approval!', '25/1/2022', 18, 4); 
insert into comment (id, body, date_time, id_owner, id_news) values(5, 'This blew me away!', '6/8/2002', 9, 5);
insert into comment (id, body, date_time, id_owner, id_news) values(6, 'You have brilliant thoughts!', '22/10/2022', 1, 6); 
insert into comment (id, body, date_time, id_owner, id_news) values(7, 'You show an impressive grasp on this subject!', '28/9/2022', 5, 7); 
insert into comment (id, body, date_time, id_owner, id_news) values(8, 'I discovered something new!', '18/3/2022', 14, 8);
insert into comment (id, body, date_time, id_owner, id_news) values(9, 'You are an amazing writer!', '28/3/2022', 7, 9);
insert into comment (id, body, date_time, id_owner, id_news) values(10, 'This is clear, concise, and complete!', '8/7/2022', 4, 10); 
insert into comment (id, body, date_time, id_owner, id_news) values(11, 'I discovered something new!', '31/6/2022', 14, 11);
insert into comment (id, body, date_time, id_owner, id_news) values(12, 'You should be proud!', '25/12/2022', 11, 12);
insert into comment (id, body, date_time, id_owner, id_news) values(13, 'I appreciate your hard work!',  '31/12/2022', 10, 13); 
insert into comment (id, body, date_time, id_owner, id_news) values(14, 'You show great attention to detail!', '13/5/2022', 13, 14); 
insert into comment (id, body, date_time, id_owner, id_news) values(15, 'Keep up the incredible work!', '5/10/2022', 3, 15);
insert into comment (id, body, date_time, id_owner, id_news) values(16, 'This gets my seal of approval!', '11/1/2022', 18, 16); 
insert into comment (id, body, date_time, id_owner, id_news) values(17, 'This blew me away!', '13/3/2022', 9, 17);
insert into comment (id, body, date_time, id_owner, id_news) values(18, 'This is clear, concise, and complete!', '20/4/2022', 4, 18); 
insert into comment (id, body, date_time, id_owner, id_news) values(19, 'You are an amazing writer!', '25/4/2022', 7, 19);
insert into comment (id, body, date_time, id_owner, id_news) values(20, 'You have brilliant thoughts!', '10/9/2022', 1,20 ); 
insert into comment (id, body, date_time, id_owner, id_news) values(21, 'You show an impressive grasp on this subject!', '2/12/2022', 5, 21); 
insert into comment (id, body, date_time, id_owner, id_news) values(22, 'I appreciate your hard work!', '3/6/2022', 10, 22);
insert into comment (id, body, date_time, id_owner, id_news) values(23, 'You should be proud!', '13/8/2022', 11, 23);
insert into comment (id, body, date_time, id_owner, id_news) values(24, 'You show great attention to detail!', '14/7/2022', 13, 24); 
insert into comment (id, body, date_time, id_owner, id_news) values(25, 'I discovered something new!', '29/2/2022', 14, 25);

insert into vote (id, id_voter, upvote, vote_type, id_news, id_comment) values (1, 1, true, NULL, 19 );
insert into vote (id, id_voter, upvote, vote_type, id_news, id_comment) values (2, 2, true, NULL, 12);
insert into vote (id, id_voter, upvote, vote_type, id_news, id_comment) values (3, 3, false, NULL, 1);
insert into vote (id, id_voter, upvote, vote_type, id_news, id_comment) values (4, 4, false, NULL, 11);
insert into vote (id, id_voter, upvote, vote_type, id_news, id_comment) values (5, 5, true, NULL, 10);
insert into vote (id, id_voter, upvote, vote_type, id_news, id_comment) values (6, 6, false, NULL, 5);
insert into vote (id, id_voter, upvote, vote_type, id_news, id_comment) values (7, 7, false, NULL, 18);
insert into vote (id, id_voter, upvote, vote_type, id_news, id_comment) values (8, 8, true, NULL, 14);
insert into vote (id, id_voter, upvote, vote_type, id_news, id_comment) values (9, 9, true, NULL, 9);
insert into vote (id, id_voter, upvote, vote_type, id_news, id_comment) values (10, 10, false, NULL, 6);
insert into vote (id, id_voter, upvote, vote_type, id_news, id_comment) values (11, 11, true, NULL, 2);
insert into vote (id, id_voter, upvote, vote_type, id_news, id_comment) values (12, 12, true, NULL, 15);
insert into vote (id, id_voter, upvote, vote_type, id_news, id_comment) values (13, 13, false, NULL, 16);
insert into vote (id, id_voter, upvote, vote_type, id_news, id_comment) values (14, 14, true, NULL, 20);
insert into vote (id, id_voter, upvote, vote_type, id_news, id_comment) values (15, 15, true, NULL, 8);
insert into vote (id, id_voter, upvote, vote_type, id_news, id_comment) values (16, 16, false, NULL, 2);
insert into vote (id, id_voter, upvote, vote_type, id_news, id_comment) values (17, 17, true, NULL, 13);
insert into vote (id, id_voter, upvote, vote_type, id_news, id_comment) values (18, 18, true, NULL, 11);
insert into vote (id, id_voter, upvote, vote_type, id_news, id_comment) values (19, 19, false, NULL, 3);
insert into vote (id, id_voter, upvote, vote_type, id_news, id_comment) values (20, 20, true, NULL, 1);
insert into vote (id, id_voter, upvote, vote_type, id_news, id_comment) values (21, 1, true, 9, NULL);
insert into vote (id, id_voter, upvote, vote_type, id_news, id_comment) values (22, 2, true, 2, NULL);
insert into vote (id, id_voter, upvote, vote_type, id_news, id_comment) values (23, 3, false, 11, NULL);
insert into vote (id, id_voter, upvote, vote_type, id_news, id_comment) values (24, 4, false, 1,NULL);
insert into vote (id, id_voter, upvote, vote_type, id_news, id_comment) values (25, 5, true, 20, NULL);
insert into vote (id, id_voter, upvote, vote_type, id_news, id_comment) values (26, 6, false, 16, NULL);
insert into vote (id, id_voter, upvote, vote_type, id_news, id_comment) values (27, 7, true, 8, NULL);
insert into vote (id, id_voter, upvote, vote_type, id_news, id_comment) values (28, 8, false, 4, NULL);
insert into vote (id, id_voter, upvote, vote_type, id_news, id_comment) values (29, 9, true, 19, NULL);
insert into vote (id, id_voter, upvote, vote_type, id_news, id_comment) values (30, 10, false, 16, NULL);
insert into vote (id, id_voter, upvote, vote_type, id_news, id_comment) values (31, 11, true, 12, NULL);
insert into vote (id, id_voter, upvote, vote_type, id_news, id_comment) values (32, 12, false, 5, NULL);
insert into vote (id, id_voter, upvote, vote_type, id_news, id_comment) values (33, 13, true, 6, NULL);
insert into vote (id, id_voter, upvote, vote_type, id_news, id_comment) values (34, 14, false, 10, NULL);
insert into vote (id, id_voter, upvote, vote_type, id_news, id_comment) values (35, 15, true, 18, NULL);
insert into vote (id, id_voter, upvote, vote_type, id_news, id_comment) values (36, 16, false, 12, NULL);
insert into vote (id, id_voter, upvote, vote_type, id_news, id_comment) values (37, 17, true, 3, NULL);
insert into vote (id, id_voter, upvote, vote_type, id_news, id_comment) values (38, 18, false, 1, NULL);
insert into vote (id, id_voter, upvote, vote_type, id_news, id_comment) values (39, 19, true, 13, NULL);
insert into vote (id, id_voter, upvote, vote_type, id_news, id_comment) values (40, 20, false, 11, NULL);

insert into warning (id, body, seen, adminID, authenticatedUserID) values (1, 'Varius dui litora platea tempor dapibus nostra aptent ornare diam. Mauris himenaeos vehicula nulla accumsan. Vivamus elementum platea ornare lorem non proin tellus viverra sociosqu. Habitant a senectus eu semper tempor tristique auctor. Curabitur habitasse mollis turpis scelerisque velit. Pharetra curabitur odio dapibus ultricies accumsan et adipiscing mollis.', true, 7, 20);
insert into warning (id, body, seen, adminID, authenticatedUserID) values (2, 'Elementum nec nibh aenean curabitur velit etiam dui mattis. Duis inceptos ut etiam sed nam. Mi fermentum dictum habitant inceptos.', true, 1, 3);
insert into warning (id, body, seen, adminID, authenticatedUserID) values (3, 'Vivamus bibendum pellentesque aliquam laoreet viverra. Purus dolor luctus tortor. Ullamcorper vestibulum faucibus augue sapien arcu molestie. Tempus tellus augue habitant eu auctor aliquam nisi amet. Sapien senectus risus mi potenti. Eleifend interdum quisque cursus tincidunt.', false, 13, 1);
insert into warning (id, body, seen, adminID, authenticatedUserID) values (4, 'Potenti non est ligula tortor pulvinar nostra ante suscipit. Nec turpis eros phasellus vivamus donec. Donec ipsum curabitur vitae. Etiam felis at.', true, 3, 19);
insert into warning (id, body, seen, adminID, authenticatedUserID) values (5, 'Etiam justo enim curabitur ante sociosqu iaculis ante varius non. Fames porta auctor elementum euismod bibendum metus. Risus viverra neque senectus. Ultrices nostra egestas suspendisse purus placerat. Laoreet arcu mollis consequat laoreet urna mi molestie magna vestibulum.', false, 17, 2);
insert into warning (id, body, seen, adminID, authenticatedUserID) values (6, 'Ipsum platea cubilia iaculis congue suscipit. Tempus elementum ac in bibendum ullamcorper. Duis ad quis. Odio nam scelerisque condimentum donec velit facilisis quis.', false, 13, 6);
insert into warning (id, body, seen, adminID, authenticatedUserID) values (7, 'Enim nisi ultrices augue praesent ad nisl iaculis. Lectus curabitur venenatis. Aenean integer fusce.', false, 1, 9);
insert into warning (id, body, seen, adminID, authenticatedUserID) values (8, 'Sollicitudin netus vestibulum mollis ullamcorper dictum molestie bibendum pretium torquent. Sodales class imperdiet justo non eget curabitur. Pharetra maecenas etiam.', true, 3, 15);
insert into warning (id, body, seen, adminID, authenticatedUserID) values (9, 'Dictum tincidunt per nunc consequat elit id ut turpis. Quisque ut nunc arcu porttitor arcu cursus eleifend felis luctus. Iaculis risus potenti per amet ultricies elementum ornare. Ornare senectus ultrices.', false, 1, 12);
insert into warning (id, body, seen, adminID, authenticatedUserID) values (10, 'Hendrerit dapibus ultrices leo. Justo fringilla egestas vel per cras. Magna tortor imperdiet.', true, 7, 10);
insert into warning (id, body, seen, adminID, authenticatedUserID) values (11, 'Sollicitudin netus vestibulum mollis ullamcorper dictum molestie bibendum pretium torquent. Sodales class imperdiet justo non eget curabitur. Pharetra maecenas etiam.', true, 1, 6);
insert into warning (id, body, seen, adminID, authenticatedUserID) values (12, 'Hendrerit dapibus ultrices leo. Justo fringilla egestas vel per cras. Magna tortor imperdiet.', false, 3, 1);
insert into warning (id, body, seen, adminID, authenticatedUserID) values (13, 'Enim nisi ultrices augue praesent ad nisl iaculis. Lectus curabitur venenatis. Aenean integer fusce.', true, 7, 5);
insert into warning (id, body, seen, adminID, authenticatedUserID) values (14, 'Elementum nec nibh aenean curabitur velit etiam dui mattis. Duis inceptos ut etiam sed nam. Mi fermentum dictum habitant inceptos.', true, 13, 4);
insert into warning (id, body, seen, adminID, authenticatedUserID) values (15, 'Dictum tincidunt per nunc consequat elit id ut turpis. Quisque ut nunc arcu porttitor arcu cursus eleifend felis luctus. Iaculis risus potenti per amet ultricies elementum ornare. Ornare senectus ultrices.', false, 17, 5);
insert into warning (id, body, seen, adminID, authenticatedUserID) values (16, 'Enim nisi ultrices augue praesent ad nisl iaculis. Lectus curabitur venenatis. Aenean integer fusce.', true, 1, 3);
insert into warning (id, body, seen, adminID, authenticatedUserID) values (17, 'Hendrerit dapibus ultrices leo. Justo fringilla egestas vel per cras. Magna tortor imperdiet.', true, 3, 4);
insert into warning (id, body, seen, adminID, authenticatedUserID) values (18, 'Vivamus bibendum pellentesque aliquam laoreet viverra. Purus dolor luctus tortor. Ullamcorper vestibulum faucibus augue sapien arcu molestie. Tempus tellus augue habitant eu auctor aliquam nisi amet. Sapien senectus risus mi potenti. Eleifend interdum quisque cursus tincidunt.', false, 7, 2);
insert into warning (id, body, seen, adminID, authenticatedUserID) values (19, 'Potenti non est ligula tortor pulvinar nostra ante suscipit. Nec turpis eros phasellus vivamus donec. Donec ipsum curabitur vitae. Etiam felis at.', false, 13, 5);
insert into warning (id, body, seen, adminID, authenticatedUserID) values (20, 'Sollicitudin netus vestibulum mollis ullamcorper dictum molestie bibendum pretium torquent. Sodales class imperdiet justo non eget curabitur. Pharetra maecenas etiam.', true, 17, 3);
insert into warning (id, body, seen, adminID, authenticatedUserID) values (21, 'Hendrerit dapibus ultrices leo. Justo fringilla egestas vel per cras. Magna tortor imperdiet.', false, 1, 4);
insert into warning (id, body, seen, adminID, authenticatedUserID) values (22, 'Elementum nec nibh aenean curabitur velit etiam dui mattis. Duis inceptos ut etiam sed nam. Mi fermentum dictum habitant inceptos.', true, 3, 1);
insert into warning (id, body, seen, adminID, authenticatedUserID) values (23, 'Sollicitudin netus vestibulum mollis ullamcorper dictum molestie bibendum pretium torquent. Sodales class imperdiet justo non eget curabitur. Pharetra maecenas etiam.', false, 7, 2);
insert into warning (id, body, seen, adminID, authenticatedUserID) values (24, 'Etiam justo enim curabitur ante sociosqu iaculis ante varius non. Fames porta auctor elementum euismod bibendum metus. Risus viverra neque senectus. Ultrices nostra egestas suspendisse purus placerat. Laoreet arcu mollis consequat laoreet urna mi molestie magna vestibulum.', false, 13, 7);
insert into warning (id, body, seen, adminID, authenticatedUserID) values (25, 'Ipsum platea cubilia iaculis congue suscipit. Tempus elementum ac in bibendum ullamcorper. Duis ad quis. Odio nam scelerisque condimentum donec velit facilisis quis.', false, 1, 7);
insert into warning (id, body, seen, adminID, authenticatedUserID) values (26, 'Varius dui litora platea tempor dapibus nostra aptent ornare diam. Mauris himenaeos vehicula nulla accumsan. Vivamus elementum platea ornare lorem non proin tellus viverra sociosqu. Habitant a senectus eu semper tempor tristique auctor. Curabitur habitasse mollis turpis scelerisque velit. Pharetra curabitur odio dapibus ultricies accumsan et adipiscing mollis.', false, 17, 7);

insert into news_image(id, id_news, file_path) values (1, 1, 'https://encrypted-tbn0.gstatic.com/images?q=tbn:ANd9GcTtWqj9zM9vzBi8Dpyn5OKHCVgqydIPRz7sUg&usqp=CAU');
insert into news_image(id, id_news, file_path) values (2, 2, 'https://encrypted-tbn0.gstatic.com/images?q=tbn:ANd9GcQ-WG9keaSMfGIIR2IXpIadNijElGS-fDdLhw&usqp=CAU');
insert into news_image(id, id_news, file_path) values (3, 3, 'https://encrypted-tbn0.gstatic.com/images?q=tbn:ANd9GcTMLquMtMgzniaGFnHxypqKJTblPLRVEzFZpg&usqp=CAU');
insert into news_image(id, id_news, file_path) values (4, 4, 'https://encrypted-tbn0.gstatic.com/images?q=tbn:ANd9GcTORonbZ6kGyD1JNCyJjytZ1cfdebTHSe6duQ&usqp=CAU');
insert into news_image(id, id_news, file_path) values (5, 5, 'https://encrypted-tbn0.gstatic.com/images?q=tbn:ANd9GcQ8KyUuZo7FglRhXUTYUETED_dVFxKbHXWSsQ&usqp=CAU');
insert into news_image(id, id_news, file_path) values (6, 6, 'https://encrypted-tbn0.gstatic.com/images?q=tbn:ANd9GcRuWXtD7Kc_H4Slv9tIPc506YGolVsAuwVsUg&usqp=CAU');
insert into news_image(id, id_news, file_path) values (7, 7, 'https://encrypted-tbn0.gstatic.com/images?q=tbn:ANd9GcQlpLqiSarmCtm-rl5s93eHEcYKZ8006_nm9Q&usqp=CAU');
insert into news_image(id, id_news, file_path) values (8, 8, 'https://encrypted-tbn0.gstatic.com/images?q=tbn:ANd9GcRNeTlCNcWPxvQgS19yXA2xWMT4H-C1hQzzjg&usqp=CAU');
insert into news_image(id, id_news, file_path) values (9, 9, 'https://encrypted-tbn0.gstatic.com/images?q=tbn:ANd9GcRrCNBSkWP8JWLV580kD8EtmYzcXgIoxpx6nQ&usqp=CAU');
insert into news_image(id, id_news, file_path) values (10, 10, 'https://encrypted-tbn0.gstatic.com/images?q=tbn:ANd9GcS3sU_EkFlB4LPs8VU6SpE_Wp8L9rYNTj6w-g&usqp=CAU');
insert into news_image(id, id_news, file_path) values (11, 11, 'https://encrypted-tbn0.gstatic.com/images?q=tbn:ANd9GcTKMkSojGjEcaq8kD3Fsn5EIVsc2XVQ7TSTjA&usqp=CAU');
insert into news_image(id, id_news, file_path) values (12, 12, 'https://encrypted-tbn0.gstatic.com/images?q=tbn:ANd9GcQUPPnR4_z5ZM1ZqGUxwLmQ4_iKJ0BIY4rYYA&usqp=CAU');
insert into news_image(id, id_news, file_path) values (13, 13, 'https://encrypted-tbn0.gstatic.com/images?q=tbn:ANd9GcS8gzpXrv-dwka_vy6PAn9M-WSg7NUWuGunNw&usqp=CAU');
insert into news_image(id, id_news, file_path) values (14, 14, 'https://encrypted-tbn0.gstatic.com/images?q=tbn:ANd9GcT9I4fNYH9R2CyQ9q0QqYN95-1E4b4iEyAg3g&usqp=CAU');
insert into news_image(id, id_news, file_path) values (15, 15, 'https://encrypted-tbn0.gstatic.com/images?q=tbn:ANd9GcSCGDNof9vcJte2vnzuCkPa1xM-hz6pB3cxmw&usqp=CAU');
insert into news_image(id, id_news, file_path) values (16, 16, 'https://encrypted-tbn0.gstatic.com/images?q=tbn:ANd9GcT1c7EY2j-DqEEU8TGuPyY_6YdW4ka4RUwcEg&usqp=CAU');
insert into news_image(id, id_news, file_path) values (17, 17, 'https://encrypted-tbn0.gstatic.com/images?q=tbn:ANd9GcQibDP_l_d-EWw_J-1WeHe8y8n6D2uZYGeowA&usqp=CAU');
insert into news_image(id, id_news, file_path) values (18, 18, 'https://encrypted-tbn0.gstatic.com/images?q=tbn:ANd9GcTCgPhDBNwGIObnwNND-o8ax9cCH_98aPZbEg&usqp=CAU');
insert into news_image(id, id_news, file_path) values (19, 19, 'https://encrypted-tbn0.gstatic.com/images?q=tbn:ANd9GcR-1PvzNSO0ZxKDlKHucvmTchhoJEo1y9KTs50R_NfK3b9betp0WV99L9oGh75u_wFpZ1s&usqp=CAU');
insert into news_image(id, id_news, file_path) values (20, 20, 'https://encrypted-tbn0.gstatic.com/images?q=tbn:ANd9GcTTSH_Q8gO1ZRnFFdj354HkaJoyOT8z2H8zJ-a00YQo0a2X1MYhmSn_vb4eCdHdU_DVW2k&usqp=CAU');
insert into news_image(id, id_news, file_path) values (21, 21, 'https://encrypted-tbn0.gstatic.com/images?q=tbn:ANd9GcQMopVR4Rz_gFUm9Cp_Otx3kFBQa39KrvT-BR-eYiRdcFPBVBzQRZk_oikk4U3WzA7ZxXo&usqp=CAU');
insert into news_image(id, id_news, file_path) values (22, 22, 'https://encrypted-tbn0.gstatic.com/images?q=tbn:ANd9GcTE8a1nh31grBd0fZmI6C07nH-cuu5MekvlpzV5GIUhblLdMI0ItdrUsqUKhUetM8WyHLk&usqp=CAU');
insert into news_image(id, id_news, file_path) values (23, 23, 'https://encrypted-tbn0.gstatic.com/images?q=tbn:ANd9GcSUny9ldfjqhLMD0F5WsTbw3aISGF3ub9P3GA-g6j1li6UW9Kjt86krXGm9YIp6DlhuuFw&usqp=CAU');
insert into news_image(id, id_news, file_path) values (24, 24, 'https://encrypted-tbn0.gstatic.com/images?q=tbn:ANd9GcTwGbex_lCA6OWzTJlMVNUIFY6BWTiJp9IudOxrb5xtqX21REDVFemmztdAzGdtHZ1biBg&usqp=CAU');
insert into news_image(id, id_news, file_path) values (25, 25, 'https://encrypted-tbn0.gstatic.com/images?q=tbn:ANd9GcQbyu0jy6kM9MzHF-N7RDiIps5dqNtGcJkXGknb4uKLdbRd8lFmsFn587FVVSRNEhqjzqw&usqp=CAU');


insert into notification(id, id_notified, seen, date_time,  notification_type, id_warnings, id_follower, id_vote, id_comment, id_news) values (1, 1, true, '6/12/2022', "warning", 3, NULL, NULL, NULL, NULL);
insert into notification(id, id_notified, seen, date_time,  notification_type, id_warnings, id_follower, id_vote, id_comment, id_news) values (2, 1, true, '7/11/2022', "follow", NULL, 6, NULL, NULL, NULL);
insert into notification(id, id_notified, seen, date_time,  notification_type, id_warnings, id_follower, id_vote, id_comment, id_news) values (3, 1, true, '8/10/2022', "vote ", NULL, NULL, 10, NULL, NULL);
insert into notification(id, id_notified, seen, date_time,  notification_type, id_warnings, id_follower, id_vote, id_comment, id_news) values (4, 1, true, '9/9/2022', "comment", NULL, NULL, NULL, 6, NULL);
insert into notification(id, id_notified, seen, date_time,  notification_type, id_warnings, id_follower, id_vote, id_comment, id_news) values (5, 1, true, '10/8/2022', "news", NULL, NULL, NULL, NULL, 22);
insert into notification(id, id_notified, seen, date_time, notification_type, id_warnings, id_follower, id_vote, id_comment, id_news) values (6, 2, false, '7/1/2022', "warning", 5, NULL, NULL, NULL, NULL);
insert into notification(id, id_notified, seen, date_time, notification_type, id_warnings, id_follower, id_vote, id_comment, id_news) values (7, 2, true, '8/2/2022', "follow", NULL, 8, NULL, NULL, NULL);
insert into notification(id, id_notified, seen, date_time, notification_type, id_warnings, id_follower, id_vote, id_comment, id_news) values (8, 2, false, '11/5/2022', "news", NULL, NULL, NULL, NULL, 6);
insert into notification(id, id_notified, seen, date_time, notification_type, id_warnings, id_follower, id_vote, id_comment, id_news) values (9, 3, true, '5/10/2022', "warning", 2, NULL, NULL, NULL, NULL);
insert into notification(id, id_notified, seen, date_time, notification_type, id_warnings, id_follower, id_vote, id_comment, id_news) values (10, 3, false, '5/10/2022', "follow", NULL, 9, NULL, NULL, NULL);
insert into notification(id, id_notified, seen, date_time, notification_type, id_warnings, id_follower, id_vote, id_comment, id_news) values (11, 3, true, '5/10/2022', "vote ", NULL, NULL, 37, NULL, NULL);
insert into notification(id, id_notified, seen, date_time, notification_type, id_warnings, id_follower, id_vote, id_comment, id_news) values (12, 4, false, '12/3/2022', "follow", NULL, 1, NULL, NULL, NULL);
insert into notification(id, id_notified, seen, date_time, notification_type, id_warnings, id_follower, id_vote, id_comment, id_news) values (13, 5, true, '18/3/2022', "follow", NULL, 7, NULL, NULL, NULL);
insert into notification(id, id_notified, seen, date_time, notification_type, id_warnings, id_follower, id_vote, id_comment, id_news) values (14, 6, true, '6/8/2022', "follow", 6, NULL, NULL, NULL, NULL);
insert into notification(id, id_notified, seen, date_time, notification_type, id_warnings, id_follower, id_vote, id_comment, id_news) values (15, 7, false, '6/1/2022', "follow", NULL, 2, NULL, NULL, NULL);
insert into notification(id, id_notified, seen, date_time, notification_type, id_warnings, id_follower, id_vote, id_comment, id_news) values (16, 8, true, '20/5/2022', "follow", NULL, 4, NULL, NULL, NULL);
insert into notification(id, id_notified, seen, date_time, notification_type, id_warnings, id_follower, id_vote, id_comment, id_news) values (17, 9, true, '6/6/2022', "warning", 7, NULL, NULL, NULL, NULL);
insert into notification(id, id_notified, seen, date_time, notification_type, id_warnings, id_follower, id_vote, id_comment, id_news) values (18, 10, false, '28/10/2022', "warning", 10, NULL, NULL, NULL, NULL);
insert into notification(id, id_notified, seen, date_time, notification_type, id_warnings, id_follower, id_vote, id_comment, id_news) values (19, 11, true, '28/3/2022', "follow", NULL, 20, NULL, NULL,NULL );
insert into notification(id, id_notified, seen, date_time, notification_type, id_warnings, id_follower, id_vote, id_comment, id_news) values (20, 12, false, '15/3/2022', "warning", 9, NULL, NULL, NULL, NULL);
insert into notification(id, id_notified, seen, date_time, notification_type, id_warnings, id_follower, id_vote, id_comment, id_news) values (21, 13, true, '10/5/2022', "vote ", NULL, NULL, 13, NULL, NULL);
insert into notification(id, id_notified, seen, date_time, notification_type, id_warnings, id_follower, id_vote, id_comment, id_news) values (22, 15, false, '13/4/2022', "warning", 8, NULL, NULL, NULL, NULL);
insert into notification(id, id_notified, seen, date_time, notification_type, id_warnings, id_follower, id_vote, id_comment, id_news) values (23, 16, true, '30/6/2022', "vote ", NULL, NULL, 16, NULL, NULL);
insert into notification(id, id_notified, seen, date_time, notification_type, id_warnings, id_follower, id_vote, id_comment, id_news) values (24, 17, false, '31/7/2022', "vote ", NULL, NULL, 17, NULL, NULL);
insert into notification(id, id_notified, seen, date_time, notification_type, id_warnings, id_follower, id_vote, id_comment, id_news) values (25, 18, false, '28/6/2022', "vote ", NULL, NULL, 18, NULL, NULL);
insert into notification(id, id_notified, seen, date_time, notification_type, id_warnings, id_follower, id_vote, id_comment, id_news) values (26, 19, true, '16/9/2022', "warning", 4, NULL, NULL, NULL, NULL);
insert into notification(id, id_notified, seen, date_time, notification_type, id_warnings, id_follower, id_vote, id_comment, id_news) values (27, 20, false, '25/2/2022', "warning", 1, NULL, NULL, NULL, NULL);

insert into report(id, id_reporter, motive, date_time, report_type, id_news, id_comment) values (1, 1, "Consecutive warning ", '13/4/2022', "comment", NULL, 6);
insert into report(id, id_reporter, motive, date_time, report_type, id_news, id_comment) values (2, 2, "Consecutive warning ", '12/5/2022', "news", 15, NULL);
insert into report(id, id_reporter, motive, date_time, report_type, id_news, id_comment) values (3, 3, "Consecutive warning ", '11/6/2022', "news", 3, NULL);
insert into report(id, id_reporter, motive, date_time, report_type, id_news, id_comment) values (4, 4, "Consecutive warning ", '10/7/2022', "comment", NULL, 10);
insert into report(id, id_reporter, motive, date_time, report_type, id_news, id_comment) values (5, 5, "Consecutive warning ", '9/8/2022', "comment", NULL, 21);
insert into report(id, id_reporter, motive, date_time, report_type, id_news, id_comment) values (6, 6, "Consecutive warning ", '8/9/2022', "news", 22, NULL);
insert into report(id, id_reporter, motive, date_time, report_type, id_news, id_comment) values (7, 7, "Consecutive warning ", '7/10/2022', "comment", NULL, 19);
